object_id,damit_id,number,name,designation,test_run,bundle
asteroid_3414,3414,1,Ceres,,2,k3-oof-fold-2
asteroid_101,101,2,Pallas,,2,k3-oof-fold-2
asteroid_3415,3415,4,Vesta,,1,k3-oof-fold-1
asteroid_103,103,5,Astraea,,0,k3-oof-fold-0
asteroid_104,104,6,Hebe,,2,k3-oof-fold-2
asteroid_105,105,7,Iris,,3,k3-oof-fold-3
asteroid_106,106,8,Flora,,3,k3-oof-fold-3
asteroid_107,107,9,Metis,,3,k3-oof-fold-3
asteroid_2512,2512,10,Hygiea,,3,k3-oof-fold-3
asteroid_335,335,11,Parthenope,,0,k3-oof-fold-0
asteroid_517,517,12,Victoria,,4,k3-oof-fold-4
asteroid_230,230,13,Egeria,,2,k3-oof-fold-2
asteroid_231,231,14,Irene,,3,k3-oof-fold-3
asteroid_108,108,15,Eunomia,,4,k3-oof-fold-4
asteroid_109,109,16,Psyche,,4,k3-oof-fold-4
asteroid_601,601,18,Melpomene,,3,k3-oof-fold-3
asteroid_111,111,19,Fortuna,,0,k3-oof-fold-0
asteroid_114,114,22,Kalliope,,4,k3-oof-fold-4
asteroid_115,115,23,Thalia,,2,k3-oof-fold-2
asteroid_609,609,24,Themis,,3,k3-oof-fold-3
asteroid_216,216,28,Bellona,,4,k3-oof-fold-4
asteroid_116,116,29,Amphitrite,,1,k3-oof-fold-1
asteroid_117,117,30,Urania,,2,k3-oof-fold-2
asteroid_643,643,31,Euphrosyne,,3,k3-oof-fold-3
asteroid_118,118,32,Pomona,,0,k3-oof-fold-0
asteroid_2976,2976,33,Polyhymnia,,4,k3-oof-fold-4
asteroid_120,120,39,Laetitia,,0,k3-oof-fold-0
asteroid_233,233,40,Harmonia,,3,k3-oof-fold-3
asteroid_121,121,41,Daphne,,3,k3-oof-fold-3
asteroid_234,234,42,Isis,,1,k3-oof-fold-1
asteroid_122,122,43,Ariadne,,3,k3-oof-fold-3
asteroid_123,123,44,Nysa,,4,k3-oof-fold-4
asteroid_124,124,45,Eugenia,,2,k3-oof-fold-2
asteroid_2505,2505,46,Hestia,,2,k3-oof-fold-2
asteroid_570,570,48,Doris,,2,k3-oof-fold-2
asteroid_8280,8280,50,Virginia,,2,k3-oof-fold-2
asteroid_642,642,51,Nemausa,,1,k3-oof-fold-1
asteroid_125,125,52,Europa,,1,k3-oof-fold-1
asteroid_126,126,54,Alexandra,,0,k3-oof-fold-0
asteroid_666,666,56,Melete,,1,k3-oof-fold-1
asteroid_128,128,63,Ausonia,,0,k3-oof-fold-0
asteroid_483,483,65,Cybele,,0,k3-oof-fold-0
asteroid_3553,3553,70,Panopaea,,1,k3-oof-fold-1
asteroid_411,411,72,Feronia,,3,k3-oof-fold-3
asteroid_130,130,80,Sappho,,0,k3-oof-fold-0
asteroid_219,219,85,Io,,4,k3-oof-fold-4
asteroid_132,132,87,Sylvia,,3,k3-oof-fold-3
asteroid_133,133,88,Thisbe,,3,k3-oof-fold-3
asteroid_220,220,89,Julia,,0,k3-oof-fold-0
asteroid_448,448,93,Minerva,,1,k3-oof-fold-1
asteroid_227,227,94,Aurora,,0,k3-oof-fold-0
asteroid_1717,1717,100,Hekate,,1,k3-oof-fold-1
asteroid_134,134,107,Camilla,,1,k3-oof-fold-1
asteroid_3573,3573,108,Hecuba,,3,k3-oof-fold-3
asteroid_1721,1721,109,Felicitas,,3,k3-oof-fold-3
asteroid_2516,2516,118,Peitho,,0,k3-oof-fold-0
asteroid_137,137,121,Hermione,,3,k3-oof-fold-3
asteroid_139,139,129,Antigone,,2,k3-oof-fold-2
asteroid_140,140,130,Elektra,,4,k3-oof-fold-4
asteroid_3435,3435,131,Vala,,0,k3-oof-fold-0
asteroid_142,142,135,Hertha,,2,k3-oof-fold-2
asteroid_663,663,144,Vibilia,,0,k3-oof-fold-0
asteroid_143,143,146,Lucina,,4,k3-oof-fold-4
asteroid_1049,1049,159,Aemilia,,4,k3-oof-fold-4
asteroid_222,222,165,Loreley,,0,k3-oof-fold-0
asteroid_3413,3413,173,Ino,,1,k3-oof-fold-1
asteroid_655,655,187,Lamberta,,2,k3-oof-fold-2
asteroid_150,150,192,Nausikaa,,4,k3-oof-fold-4
asteroid_1724,1724,195,Eurykleia,,0,k3-oof-fold-0
asteroid_3574,3574,202,Chryseis,,3,k3-oof-fold-3
asteroid_153,153,208,Lacrimosa,,1,k3-oof-fold-1
asteroid_1044,1044,216,Kleopatra,,1,k3-oof-fold-1
asteroid_2781,2781,219,Thusnelda,,2,k3-oof-fold-2
asteroid_1017,1017,221,Eos,,1,k3-oof-fold-1
asteroid_3575,3575,223,Rosa,,2,k3-oof-fold-2
asteroid_1051,1051,227,Philosophia,,4,k3-oof-fold-4
asteroid_660,660,233,Asterope,,4,k3-oof-fold-4
asteroid_156,156,250,Bettina,,1,k3-oof-fold-1
asteroid_10856,10856,275,Sapientia,,1,k3-oof-fold-1
asteroid_160,160,283,Emma,,4,k3-oof-fold-4
asteroid_2887,2887,286,Iclea,,3,k3-oof-fold-3
asteroid_1718,1718,301,Bavaria,,3,k3-oof-fold-3
asteroid_3493,3493,326,Tamara,,4,k3-oof-fold-4
asteroid_2215,2215,328,Gudrun,,2,k3-oof-fold-2
asteroid_1048,1048,329,Svea,,3,k3-oof-fold-3
asteroid_1723,1723,335,Roberta,,1,k3-oof-fold-1
asteroid_248,248,354,Eleonora,,0,k3-oof-fold-0
asteroid_10864,10864,357,Ninina,,4,k3-oof-fold-4
asteroid_166,166,360,Carlova,,1,k3-oof-fold-1
asteroid_3576,3576,362,Havnia,,3,k3-oof-fold-3
asteroid_3024,3024,374,Burgundia,,0,k3-oof-fold-0
asteroid_1716,1716,380,Fiducia,,2,k3-oof-fold-2
asteroid_305,305,386,Siegena,,2,k3-oof-fold-2
asteroid_1043,1043,387,Aquitania,,0,k3-oof-fold-0
asteroid_170,170,409,Aspasia,,4,k3-oof-fold-4
asteroid_10857,10857,412,Elisabetha,,0,k3-oof-fold-0
asteroid_718,718,419,Aurelia,,1,k3-oof-fold-1
asteroid_172,172,423,Diotima,,4,k3-oof-fold-4
asteroid_1962,1962,426,Hippo,,3,k3-oof-fold-3
asteroid_1714,1714,433,Eros,,1,k3-oof-fold-1
asteroid_1261,1261,439,Ohio,,0,k3-oof-fold-0
asteroid_10858,10858,464,Megaira,,3,k3-oof-fold-3
asteroid_1715,1715,468,Lina,,3,k3-oof-fold-3
asteroid_225,225,471,Papagena,,1,k3-oof-fold-1
asteroid_3521,3521,476,Hedwig,,0,k3-oof-fold-0
asteroid_1047,1047,478,Tergeste,,4,k3-oof-fold-4
asteroid_3524,3524,483,Seppina,,4,k3-oof-fold-4
asteroid_1050,1050,487,Venetia,,3,k3-oof-fold-3
asteroid_3577,3577,501,Urhixidur,,2,k3-oof-fold-2
asteroid_174,174,511,Davida,,3,k3-oof-fold-3
asteroid_3529,3529,524,Fidelio,,3,k3-oof-fold-3
asteroid_709,709,526,Jena,,2,k3-oof-fold-2
asteroid_3530,3530,530,Turandot,,2,k3-oof-fold-2
asteroid_176,176,532,Herculina,,4,k3-oof-fold-4
asteroid_668,668,537,Pauly,,2,k3-oof-fold-2
asteroid_1720,1720,538,Friederike,,4,k3-oof-fold-4
asteroid_10859,10859,551,Ortrud,,1,k3-oof-fold-1
asteroid_3533,3533,552,Sigelinde,,4,k3-oof-fold-4
asteroid_616,616,562,Salome,,0,k3-oof-fold-0
asteroid_10860,10860,566,Stereoskopia,,2,k3-oof-fold-2
asteroid_1989,1989,605,Juvisia,,3,k3-oof-fold-3
asteroid_3249,3249,618,Elfriede,,0,k3-oof-fold-0
asteroid_1725,1725,653,Berenike,,1,k3-oof-fold-1
asteroid_1996,1996,657,Gunlod,,0,k3-oof-fold-0
asteroid_3578,3578,666,Desdemona,,0,k3-oof-fold-0
asteroid_3274,3274,667,Denise,,1,k3-oof-fold-1
asteroid_1722,1722,673,Edda,,4,k3-oof-fold-4
asteroid_2513,2513,704,Interamnia,,2,k3-oof-fold-2
asteroid_10861,10861,738,Alagasta,,4,k3-oof-fold-4
asteroid_567,567,742,Edisona,,0,k3-oof-fold-0
asteroid_3314,3314,755,Quintilla,,3,k3-oof-fold-3
asteroid_3579,3579,780,Armenia,,1,k3-oof-fold-1
asteroid_641,641,798,Ruth,,1,k3-oof-fold-1
asteroid_2202,2202,806,Gyldenia,,4,k3-oof-fold-4
asteroid_1719,1719,834,Burnhamia,,4,k3-oof-fold-4
asteroid_195,195,849,Ara,,0,k3-oof-fold-0
asteroid_1021,1021,890,Waltraut,,3,k3-oof-fold-3
asteroid_3379,3379,923,Herluga,,3,k3-oof-fold-3
asteroid_3580,3580,995,Sternberga,,4,k3-oof-fold-4
asteroid_200,200,1036,Ganymed,,1,k3-oof-fold-1
asteroid_2506,2506,1117,Reginita,,4,k3-oof-fold-4
asteroid_767,767,1332,Marconia,,2,k3-oof-fold-2
asteroid_1045,1045,1685,Toro,,2,k3-oof-fold-2
asteroid_802,802,1723,Klemola,,4,k3-oof-fold-4
asteroid_1734,1734,1741,Giclas,,1,k3-oof-fold-1
asteroid_2507,2507,1917,Cuyo,,1,k3-oof-fold-1
asteroid_210,210,2100,Ra-Shalom,,4,k3-oof-fold-4
asteroid_3572,3572,2102,Tantalus,,3,k3-oof-fold-3
asteroid_1730,1730,2110,Moore-Sitterly,,1,k3-oof-fold-1
asteroid_311,311,3103,Eger,,1,k3-oof-fold-1
asteroid_2514,2514,3200,Phaethon,,2,k3-oof-fold-2
asteroid_1727,1727,3749,Balam,,1,k3-oof-fold-1
asteroid_593,593,3787,Aivazovskij,,0,k3-oof-fold-0
asteroid_1735,1735,4765,Wasserburg,,0,k3-oof-fold-0
asteroid_1024,1024,4800,Veveri,,2,k3-oof-fold-2
asteroid_1728,1728,4905,Hiromi,,1,k3-oof-fold-1
asteroid_1731,1731,5026,Martes,,0,k3-oof-fold-0
asteroid_1042,1042,6070,Rheinland,,3,k3-oof-fold-3
asteroid_1732,1732,7343,Ockeghem,,2,k3-oof-fold-2
asteroid_3416,3416,10115,,1992 SK,2,k3-oof-fold-2
asteroid_1736,1736,25884,Asai,,2,k3-oof-fold-2
asteroid_1726,1726,44612,,1999 RP27,0,k3-oof-fold-0
asteroid_1041,1041,54827,,2001 NQ8,4,k3-oof-fold-4
asteroid_1733,1733,56048,,1998 XV39,1,k3-oof-fold-1
asteroid_1737,1737,56232,,1999 JM31,4,k3-oof-fold-4
asteroid_1729,1729,60744,,2000 GB93,0,k3-oof-fold-0
asteroid_10863,10863,85989,,,2,k3-oof-fold-2
asteroid_2510,2510,85990,,1999 JV6,0,k3-oof-fold-0
asteroid_10862,10862,138852,,,2,k3-oof-fold-2
asteroid_1046,1046,161989,Cacus,,2,k3-oof-fold-2
